{
	"ver":0,
	"ret":true,
	"err":{
		"code": undefined, 
		"msg": undefined
	},
	"total":0,
	"next":true,
	"data" : [{
          "date": "2016-05-03",
          "name": "王小虎",
          "province": "上海",
          "city": "普陀区",
          "address": "上海市普陀区金沙江路 1518 弄",
          "zip": 200333
        }, {
          "date": "2016-05-02",
          "name": "王小虎",
          "province": "上海",
          "city": "普陀区",
          "address": "上海市普陀区金沙江路 1518 弄",
          "zip": 200333
        }, {
          "date": "2016-05-04",
          "name": "王小虎",
          "province": "上海",
          "city": "普陀区",
          "address": "上海市普陀区金沙江路 1518 弄",
          "zip": 200333
        }, {
          "date": "2016-05-01",
          "name": "王小虎",
          "province": "上海",
          "city": "普陀区",
          "address": "上海市普陀区金沙江路 1518 弄",
          "zip": 200333
        }, {
          "date": "2016-05-08",
          "name": "王小虎",
          "province": "上海",
          "city": "普陀区",
          "address": "上海市普陀区金沙江路 1518 弄",
          "zip": 200333
        }, {
          "date": "2016-05-06",
          "name": "王小虎",
          "province": "上海",
          "city": "普陀区",
          "address": "上海市普陀区金沙江路 1518 弄",
          "zip": 200333
        }, {
          "date": "2016-05-07",
          "name": "王小虎",
          "province": "上海",
          "city": "普陀区",
          "address": "上海市普陀区金沙江路 1518 弄",
          "zip": 200333
        }]
}